"","site","As75","Cd111","Cd114","Cr52","Cr53","Pb208"
"1","A",2.86785797377585,0.117160708141432,0.249024521911008,23.7337289768306,24.4726205777021,402.301391549476
"2","B",3.09391704691336,0.137624366963979,0.278668208337066,16.9128812752483,17.3523381471278,356.024869257629
"3","C",3.77472360471949,0.166306616609713,0.297842673027941,34.009374979826,34.9474305532976,281.81683440317
"4","D",2.23602356067536,0.138380541657044,0.203061423740461,12.9678935219192,13.3220261277924,197.491730507235
"5","E",4.11913145118612,0.113568557678788,0.140164123033608,19.4918335087836,20.029482761161,120.736445836902
"6","F",3.53938705780535,0.0843112039597376,0.0998391306302755,11.5553992864963,11.7473132039738,99.1380905164555
"7","QC",13.9454190396564,2.37870525969571,2.55501564852134,57.831133356473,59.3150091953751,1191.8175805414
