"","site","As75","Cd111","Cd114","Cr52","Cr53","Pb208"
"1","A",1.0556557864209,0.0199070859279321,0.112765893861626,7.6050518893204,7.9197791265458,316.270769525353
"2","B",0.982505996705804,0.0469265003980807,0.101731726365096,5.06106283420148,5.23865857799092,333.583601909836
"3","C",1.40134657062943,0.0385150459263486,0.14774541580277,16.9423039164151,17.436910458591,48.7265471014546
"4","D",0.517222392363584,0.0160465157255665,0.0554478639724897,4.46585474970576,4.68224128511504,106.609847014084
"5","E",1.73374540825953,0.0078945119903598,0.0305384272162609,8.83560743845372,9.20022182938429,4.64943127336423
"6","F",2.43987055136557,0.0402168071644513,0.0561884739653546,7.99630207361064,8.11785693078097,67.1646909181372
"7","QC",2.633020049912,0.426755231932942,0.482713983408567,11.2805858317615,11.585506547123,252.957784854526
